SKU,Listing URL,Current Price (GBP),Amazon Ledsone ASIN,Amazon Ledsone URL,Amazon Ledsone Price,Amazon Ledsone Diff,Amazon Ledsone Status,Amazon Ledsone Record Count,Amazon Dcvoltage ASIN,Amazon Dcvoltage URL,Amazon Dcvoltage Price,Amazon Dcvoltage Diff,Amazon Dcvoltage Status,Amazon Dcvoltage Record Count,Amazon SRM ASIN,Amazon SRM URL,Amazon SRM Price,Amazon SRM Diff,Amazon SRM Status,Amazon SRM Record Count,eBay UK Price,eBay UK Diff,eBay UK Status,eBay UK Record Count,B&Q Price,B&Q Diff,B&Q Status,B&Q Record Count,Overall Match Status
12UK3P1A,https://ledsone.co.uk/products/240v-to-12v-power-supply-universal-adapter,6.49,B09KZZDFV2,https://www.amazon.co.uk/dp/B09KZZDFV2,6.19,-0.3,Amazon Lower,1,,,,,No Match,0,B0F59WR48Q,https://www.amazon.co.uk/dp/B0F59WR48Q,7.29,0.8,Amazon Higher,1,6.99,0.5,Amazon Higher,1,9.0,2.51,Amazon Higher,1,Match
12UK3P2A,https://ledsone.co.uk/products/240v-to-12v-power-supply-universal-adapter,6.69,B07DH89GTY,https://www.amazon.co.uk/dp/B07DH89GTY,5.99,-0.7,Amazon Lower,1,,,,,No Match,0,B0F59Z8WTP,https://www.amazon.co.uk/dp/B0F59Z8WTP,8.69,2.0,Amazon Higher,1,,,No Match,0,9.49,2.8,Amazon Higher,1,Match
5IP2030,https://ledsone.co.uk/products/5v-dc-switching-power-supply-led-driver,9.99,,,,,No Match,0,,,,,No Match,0,,,,,No Match,0,,,No Match,0,9.0,-0.99,Amazon Lower,1,Match
CCBC32PK,https://ledsone.co.uk/products/3w-280mamp-dc-8-11v-compact-constant-current-led-driver,7.89,B0D45Q2F5X,https://www.amazon.co.uk/dp/B0D45Q2F5X,8.89,1.0,Amazon Higher,1,B0D45NBFZG,https://www.amazon.co.uk/dp/B0D45NBFZG,11.89,4.0,Amazon Higher,1,,,,,No Match,0,5.89,-2.0,Amazon Lower,1,,,No Match,0,Match
CRFF100WH+PHUP1PWRWH+CNT900WH,https://ledsone.co.uk/products/single-ceiling-pendant-light-e27-base-hanging-chain-light,10.69,,,,,No Match,0,B08SJ2MW2R,https://www.amazon.co.uk/dp/B08SJ2MW2R,18.57,7.88,Amazon Higher,1,,,,,No Match,0,,,No Match,0,10.39,-0.3,Amazon Lower,1,Match
CRFF108BM+PHRI1PBRBA+LSCY290BG,https://ledsone.co.uk/products/industrial-vintage-metal-pendant-light-fittings,22.31,B0FQV7RJSC,https://www.amazon.co.uk/dp/B0FQV7RJSC,19.99,-2.32,Amazon Lower,1,B0FQVDFF8N,https://www.amazon.co.uk/dp/B0FQVDFF8N,24.89,2.58,Amazon Higher,1,B0FR484NJF,https://www.amazon.co.uk/dp/B0FR484NJF,19.99,-2.32,Amazon Lower,1,,,No Match,0,27.29,4.98,Amazon Higher,1,Match
CRFF140GL+WSWH135BM+LSDO210BL,https://ledsone.co.uk/products/industrial-vintage-retro-blue-wall-sconces-e27-uk-holders,23.89,B09WDWM2K7,https://www.amazon.co.uk/dp/B09WDWM2K7,18.89,-5.0,Amazon Lower,1,,,,,No Match,0,,,,,No Match,0,,,No Match,0,,,No Match,0,Match
CRFF140GL+WSWH135BM+LSDO210BM+ICST64E27,https://ledsone.co.uk/products/industrial-vintage-retro-black-wall-sconces-e27-uk-holders,23.89,B0DJFP2DV7,https://www.amazon.co.uk/dp/B0DJFP2DV7,21.89,-2.0,Amazon Lower,1,,,,,No Match,0,,,,,No Match,0,,,No Match,0,21.87,-2.02,Amazon Lower,1,Match
CRFF140GL+WSWH135BM+LSDO210GR,https://ledsone.co.uk/products/industrial-vintage-retro-green-wall-sconces-e27-uk-holders,23.89,B09WDWH2KQ,https://www.amazon.co.uk/dp/B09WDWH2KQ,18.89,-5.0,Amazon Lower,1,,,,,No Match,0,,,,,No Match,0,,,No Match,0,,,No Match,0,Match
CRFF140GL+WSWH135BM+LSDO210GY+ICST64E27,https://ledsone.co.uk/products/industrial-vintage-retro-grey-wall-sconces-e27-uk-holders,23.89,B0DJFPFTKT,https://www.amazon.co.uk/dp/B0DJFPFTKT,21.89,-2.0,Amazon Lower,1,,,,,No Match,0,,,,,No Match,0,,,No Match,0,21.87,-2.02,Amazon Lower,1,Match
CRFF140GL+WSWH135BM+LSDO210NB+ICST64E27,https://ledsone.co.uk/products/industrial-vintage-retro-navy-blue-wall-sconces-e27-uk-holders,24.89,B0DJFPNJ6Y,https://www.amazon.co.uk/dp/B0DJFPNJ6Y,21.89,-3.0,Amazon Lower,1,,,,,No Match,0,,,,,No Match,0,,,No Match,0,21.87,-3.02,Amazon Lower,1,Match
CRFF140GL+WSWH135BM+LSDO210OR,https://ledsone.co.uk/products/industrial-vintage-retro-orange-wall-sconces-e27-uk-holders,23.89,B09WDX6VC1,https://www.amazon.co.uk/dp/B09WDX6VC1,21.89,-2.0,Amazon Lower,1,,,,,No Match,0,,,,,No Match,0,,,No Match,0,,,No Match,0,Match
CRSF100BM+PHCH1BMRBM+LSCY290BM,https://ledsone.co.uk/products/curvy-black-shade-industrial-hanging-ceiling-lighting,17,B0DP2V5HY3,https://www.amazon.co.uk/dp/B0DP2V5HY3,20.79,3.79,Amazon Higher,1,,,,,No Match,0,B08QFX38S2,https://www.amazon.co.uk/dp/B08QFX38S2,28.29,11.29,Amazon Higher,1,,,No Match,0,16.95,-0.05,Amazon Lower,1,Match
CRSF100BM+WSCH135BM+LSDM220CO,https://ledsone.co.uk/products/copper-wall-light-lamp-shade-retro-wall-light-fixtures,17.59,,,,,No Match,0,B08KWF51XX,https://www.amazon.co.uk/dp/B08KWF51XX,16.89,-0.7,Amazon Lower,1,,,,,No Match,0,,,No Match,0,,,No Match,0,Match
CRSF100BM+WSCH135BM+LSDM220RO,https://ledsone.co.uk/products/rose-gold-retro-vintage-style-wall-lights-sconce-lamp-fitting-kit,17.59,,,,,No Match,0,B08KWCZQKR,https://www.amazon.co.uk/dp/B08KWCZQKR,16.89,-0.7,Amazon Lower,1,,,,,No Match,0,,,No Match,0,,,No Match,0,Match
CRSF100BM+WSCH135BM+LSDM220SN,https://ledsone.co.uk/products/rose-gold-retro-vintage-style-wall-lights-sconce-lamp-fitting-kit,17.59,,,,,No Match,0,B08KWCLY8T,https://www.amazon.co.uk/dp/B08KWCLY8T,16.89,-0.7,Amazon Lower,1,,,,,No Match,0,,,No Match,0,,,No Match,0,Match
CRSF100BM3PK+PHSQ1PBRYB3PK+LSSS300GR3PK,https://ledsone.co.uk/products/3pcs-vintage-retro-lustre-suspension-industrielle-plafonnier-e27-abat-jour-en-metal-suspension-led-luminaire-loft-suspension-suspension-5437,78.99,B0DF7M6WBT,https://www.amazon.co.uk/dp/B0DF7M6WBT,48.99,-30.0,Amazon Lower,1,,,,,No Match,0,,,,,No Match,0,,,No Match,0,,,No Match,0,Match
CRSF100CH+PHMU1PBRCH+LSDM220CH,https://ledsone.co.uk/products/metal-pendant-ceiling-light-over-kitchen-island,25.3,,,,,No Match,0,B08WLZVHGP,https://www.amazon.co.uk/dp/B08WLZVHGP,25.0,-0.3,Amazon Lower,1,,,,,No Match,0,,,No Match,0,,,No Match,0,Match
CRSF100CH+PHMU1PBRCH+LSDM220CH+ICST64E27,https://ledsone.co.uk/products/metal-pendant-ceiling-light-over-kitchen-island,33.3,B09WJ2LHRF,https://www.amazon.co.uk/dp/B09WJ2LHRF,24.5,-8.8,Amazon Lower,1,,,,,No Match,0,,,,,No Match,0,,,No Match,0,28.78,-4.52,Amazon Lower,1,Match
CRSF100NB,https://ledsone.co.uk/products/10cm-blue-side-fit-ceiling-rose,4.9,B0B1F9V3H7,https://www.amazon.co.uk/dp/B0B1F9V3H7,4.75,-0.15,Amazon Lower,1,,,,,No Match,0,,,,,No Match,0,,,No Match,0,9.0,4.1,Amazon Higher,1,Match
CRSF1202CH+PHUM1PCRCH2PK+WCRWBL2PK,https://ledsone.co.uk/products/blue-rattan-pendant-light-2-head-e27-hanging-lamp,32.39,B0BY2TWBNH,https://www.amazon.co.uk/dp/B0BY2TWBNH,27.89,-4.5,Amazon Lower,1,B08Y1P3G2Q,https://www.amazon.co.uk/dp/B08Y1P3G2Q,30.89,-1.5,Amazon Lower,1,,,,,No Match,0,,,No Match,0,,,No Match,0,Match
CRSF1202CO,https://ledsone.co.uk/products/all-multi-outlet-2-hole-copper-ceiling-rose-black-drop-pendant-120x25mm-new,6.69,B0B8J8FJFN,https://www.amazon.co.uk/dp/B0B8J8FJFN,6.59,-0.1,Amazon Lower,1,,,,,No Match,0,,,,,No Match,0,,,No Match,0,9.0,2.31,Amazon Higher,1,Match
CRSF1204CO,https://ledsone.co.uk/products/all-multi-outlet-2-hole-copper-ceiling-rose-black-drop-pendant-120x25mm-new,8.49,B0B8J4823T,https://www.amazon.co.uk/dp/B0B8J4823T,7.17,-1.32,Amazon Lower,1,,,,,No Match,0,,,,,No Match,0,,,No Match,0,,,No Match,0,Match
CRSF1208CO,https://ledsone.co.uk/products/all-multi-outlet-2-hole-copper-ceiling-rose-black-drop-pendant-120x25mm-new,12.09,B0B8J5V2FS,https://www.amazon.co.uk/dp/B0B8J5V2FS,13.19,1.1,Amazon Higher,1,,,,,No Match,0,B0851CNQVZ,https://www.amazon.co.uk/dp/B0851CNQVZ,11.49,-0.6,Amazon Lower,1,,,No Match,0,11.69,-0.4,Amazon Lower,1,Match
CRSF1209BM,https://ledsone.co.uk/products/9-outlet-black-metal-ceiling-rose-120x25mm,12.29,B0B8DS35K7,https://www.amazon.co.uk/dp/B0B8DS35K7,10.99,-1.3,Amazon Lower,1,B07WH1MR1D,https://www.amazon.co.uk/dp/B07WH1MR1D,16.89,4.6,Amazon Higher,1,B07SJRD26P,https://www.amazon.co.uk/dp/B07SJRD26P,13.49,1.2,Amazon Higher,1,,,No Match,0,,,No Match,0,Match
CRSF1209CO,https://ledsone.co.uk/products/all-multi-outlet-2-hole-copper-ceiling-rose-black-drop-pendant-120x25mm-new,13.39,B0B8JB5BRZ,https://www.amazon.co.uk/dp/B0B8JB5BRZ,14.29,0.9,Amazon Higher,1,,,,,No Match,0,B0851CVZ81,https://www.amazon.co.uk/dp/B0851CVZ81,12.49,-0.9,Amazon Lower,1,,,No Match,0,,,No Match,0,Match
CRSF1209WH,https://ledsone.co.uk/products/9-outlet-white-metal-ceiling-rose-120x25mm,12.48,B0GW81MFNN,https://www.amazon.co.uk/dp/B0GW81MFNN,12.29,-0.19,Amazon Lower,1,,,,,No Match,0,,,,,No Match,0,,,No Match,0,,,No Match,0,Match
CRSF120YB+WSRH230YB+LSGD280AR,https://ledsone.co.uk/products/glass-wall-light-retro-loft-style-lighting-amber-glass-shade-vintage-industrial,23.89,B0843PH3M7,https://www.amazon.co.uk/dp/B0843PH3M7,22.79,-1.1,Amazon Lower,1,,,,,No Match,0,,,,,No Match,0,,,No Match,0,,,No Match,0,Match
CRSF2003RO,https://ledsone.co.uk/products/multi-outlet-ceiling-rose-3-way-outlet-black-1,7.3,B084VPKMLH,https://www.amazon.co.uk/dp/B084VPKMLH,6.89,-0.41,Amazon Lower,1,,,,,No Match,0,,,,,No Match,0,,,No Match,0,,,No Match,0,Match
ENC5100,https://ledsone.co.uk/products/3pcs-vintage-retro-lustre-suspension-industrielle-plafonnier-e27-abat-jour-en-metal-suspension-led-luminaire-loft-suspension-suspension-5437,89.49,B0C6614JV9,https://www.amazon.co.uk/dp/B0C6614JV9,48.99,-40.5,Amazon Lower,1,,,,,No Match,0,,,,,No Match,0,,,No Match,0,,,No Match,0,Match
ENC5148,https://ledsone.co.uk/products/3pcs-vintage-retro-lustre-suspension-industrielle-plafonnier-e27-abat-jour-en-metal-suspension-led-luminaire-loft-suspension-suspension-5437,89.49,B0DF7LNMSD,https://www.amazon.co.uk/dp/B0DF7LNMSD,48.99,-40.5,Amazon Lower,1,,,,,No Match,0,,,,,No Match,0,,,No Match,0,,,No Match,0,Match
ENC5257,https://ledsone.co.uk/products/dome-shape-shade-pendant-3-core-cable-hanging-lamp-e27-lamp-socket-4475,19.19,B0CBJQ12PH,https://www.amazon.co.uk/dp/B0CBJQ12PH,15.89,-3.3,Amazon Lower,1,,,,,No Match,0,B0G2RJXGGN,https://www.amazon.co.uk/dp/B0G2RJXGGN,20.89,1.7,Amazon Higher,1,,,No Match,0,17.89,-1.3,Amazon Lower,1,Match
ENC5259,https://ledsone.co.uk/products/dome-shape-shade-pendant-3-core-cable-hanging-lamp-e27-lamp-socket-4475,19.19,B0CBJSZJBV,https://www.amazon.co.uk/dp/B0CBJSZJBV,17.89,-1.3,Amazon Lower,1,,,,,No Match,0,B0G2RMJS9R,https://www.amazon.co.uk/dp/B0G2RMJS9R,20.89,1.7,Amazon Higher,1,,,No Match,0,,,No Match,0,Match
ENC5260,https://ledsone.co.uk/products/dome-shape-shade-pendant-3-core-cable-hanging-lamp-e27-lamp-socket-4475,19.19,B0CBJT4C3Y,https://www.amazon.co.uk/dp/B0CBJT4C3Y,17.89,-1.3,Amazon Lower,1,,,,,No Match,0,B0G2RQDTL5,https://www.amazon.co.uk/dp/B0G2RQDTL5,20.89,1.7,Amazon Higher,1,,,No Match,0,,,No Match,0,Match
ENC5657,https://ledsone.co.uk/products/3pcs-vintage-retro-lustre-suspension-industrielle-plafonnier-e27-abat-jour-en-metal-suspension-led-luminaire-loft-suspension-suspension-5437,89.49,B0DF7LDYFS,https://www.amazon.co.uk/dp/B0DF7LDYFS,48.99,-40.5,Amazon Lower,1,,,,,No Match,0,,,,,No Match,0,,,No Match,0,,,No Match,0,Match
ENC6588,https://ledsone.co.uk/products/3pcs-vintage-retro-lustre-suspension-industrielle-plafonnier-e27-abat-jour-en-metal-suspension-led-luminaire-loft-suspension-suspension-5437,89.49,B0DF7KCRKF,https://www.amazon.co.uk/dp/B0DF7KCRKF,48.99,-40.5,Amazon Lower,1,,,,,No Match,0,,,,,No Match,0,,,No Match,0,,,No Match,0,Match
ENC6592,https://ledsone.co.uk/products/3pcs-vintage-retro-lustre-suspension-industrielle-plafonnier-e27-abat-jour-en-metal-suspension-led-luminaire-loft-suspension-suspension-5437,89.49,B0DF7LXD4M,https://www.amazon.co.uk/dp/B0DF7LXD4M,48.99,-40.5,Amazon Lower,1,,,,,No Match,0,,,,,No Match,0,,,No Match,0,,,No Match,0,Match
ENC7452,https://ledsone.co.uk/products/black-single-pendant-light,19.16,,,,,No Match,0,B0D94K4SHN,https://www.amazon.co.uk/dp/B0D94K4SHN,18.99,-0.17,Amazon Lower,1,,,,,No Match,0,,,No Match,0,,,No Match,0,Match
HLCH128BM,https://ledsone.co.uk/products/black-pull-and-open-close-kitchen-cabinet-door-handles,5.39,B0DJD7LFFT,https://www.amazon.co.uk/dp/B0DJD7LFFT,6.39,1.0,Amazon Higher,1,B0DFHK8JWT,https://www.amazon.co.uk/dp/B0DFHK8JWT,2.89,-2.5,Amazon Lower,1,B07RQL7FT1,https://www.amazon.co.uk/dp/B07RQL7FT1,3.7,-1.69,Amazon Lower,1,,,No Match,0,,,No Match,0,Match
LDCWB2215,https://ledsone.co.uk/products/b22-base-bulbs,7.49,B0D5CNFQ3B,https://www.amazon.co.uk/dp/B0D5CNFQ3B,5.19,-2.3,Amazon Lower,1,B0DJ4YXQ2L,https://www.amazon.co.uk/dp/B0DJ4YXQ2L,6.99,-0.5,Amazon Lower,1,,,,,No Match,0,,,No Match,0,,,No Match,0,Match
LDCWB22153PK,https://ledsone.co.uk/products/3-x-energy-saving-led-light-cool-white-bulbs-b22-bayonet-screw-lamp-3w-25w-gls,15.49,B0D5CM2FKV,https://www.amazon.co.uk/dp/B0D5CM2FKV,9.19,-6.3,Amazon Lower,1,B0DJ4YGYTS,https://www.amazon.co.uk/dp/B0DJ4YGYTS,10.19,-5.3,Amazon Lower,1,B09JZJ3ZLC,https://www.amazon.co.uk/dp/B09JZJ3ZLC,16.99,1.5,Amazon Higher,1,,,No Match,0,,,No Match,0,Match
LDCWB2218,https://ledsone.co.uk/products/b22-base-bulbs,7.99,B0D5CMQ9KH,https://www.amazon.co.uk/dp/B0D5CMQ9KH,5.39,-2.6,Amazon Lower,1,B0DJ51Q74N,https://www.amazon.co.uk/dp/B0DJ51Q74N,5.79,-2.2,Amazon Lower,1,,,,,No Match,0,,,No Match,0,,,No Match,0,Match
LDCWE27253PK,https://ledsone.co.uk/products/3-x-vintage-led-bulbs-3w-25w-e27-screw-gls-lamp-light-bulbs-cool-white,13.49,,,,,No Match,0,B0DHC8T9XP,https://www.amazon.co.uk/dp/B0DHC8T9XP,9.59,-3.9,Amazon Lower,1,B08L7NTX27,https://www.amazon.co.uk/dp/B08L7NTX27,16.39,2.9,Amazon Higher,1,,,No Match,0,,,No Match,0,Match
LDMG125E278,https://ledsone.co.uk/products/globe-filament-dimmable-led-bulb,8.49,,,,,No Match,0,B09M41Z83H,https://www.amazon.co.uk/dp/B09M41Z83H,8.19,-0.3,Amazon Lower,1,B0B8SP5T1N,https://www.amazon.co.uk/dp/B0B8SP5T1N,9.89,1.4,Amazon Higher,1,8.89,0.4,Amazon Higher,8,10.88,2.39,Amazon Higher,1,Match
LDMG95B228,https://ledsone.co.uk/products/ampoules-led-vintage-edison-8-w-b22-a-baionnette-avec-filament-style-antique-decoratif-economie-denergie-blanc-chaud-antique-lampe-8w-240v-5428,7.39,,,,,No Match,0,B0CNPV5SC5,https://www.amazon.co.uk/dp/B0CNPV5SC5,6.79,-0.6,Amazon Lower,1,,,,,No Match,0,6.49,-0.9,Amazon Lower,3,9.0,1.61,Amazon Higher,1,Match
LDMG95E274APK,https://ledsone.co.uk/products/10-pack-g95-e27-4w-led-globe-vintage-led-retro-light-bulbs,29.5,B0BLZFGY38,https://www.amazon.co.uk/dp/B0BLZFGY38,27.89,-1.61,Amazon Lower,1,B0D7MDP9XP,https://www.amazon.co.uk/dp/B0D7MDP9XP,22.99,-6.51,Amazon Lower,1,B0FSK1QHB8,https://www.amazon.co.uk/dp/B0FSK1QHB8,29.89,0.39,Amazon Higher,1,,,No Match,0,34.97,5.47,Amazon Higher,1,Match
LDMG95E2782PK,https://ledsone.co.uk/products/g95-e27-vintage-led-filament,11.69,B0CV3W93JL,https://www.amazon.co.uk/dp/B0CV3W93JL,12.89,1.2,Amazon Higher,1,B0D4Y98Z49,https://www.amazon.co.uk/dp/B0D4Y98Z49,14.29,2.6,Amazon Higher,1,B0DH4KLR3P,https://www.amazon.co.uk/dp/B0DH4KLR3P,12.89,1.2,Amazon Higher,1,12.11,0.42,Amazon Higher,3,10.35,-1.34,Amazon Lower,1,Match
LDMST64E274APK,https://ledsone.co.uk/products/10-x-st64-e27-60w-vintage-antique-retro-edison-lamp-light-bulbs-filament-220v-uk,33.69,B0D9M7Y4DY,https://www.amazon.co.uk/dp/B0D9M7Y4DY,42.89,9.2,Amazon Higher,1,B0DT9TL5DW,https://www.amazon.co.uk/dp/B0DT9TL5DW,18.89,-14.8,Amazon Lower,1,,,,,No Match,0,,,No Match,0,,,No Match,0,Match
LDMST64E2783PK,https://ledsone.co.uk/products/8w-led-light-bulb-filament,12.89,B0BLP3Q9H6,https://www.amazon.co.uk/dp/B0BLP3Q9H6,14.89,2.0,Amazon Higher,1,B08K97VVY3,https://www.amazon.co.uk/dp/B08K97VVY3,20.99,8.1,Amazon Higher,1,,,,,No Match,0,12.59,-0.3,Amazon Lower,3,12.47,-0.42,Amazon Lower,1,Match
LHPVE27BM,https://ledsone.co.uk/products/black-bakelight-with-thread-and-without-ring-lamp-holder,4.99,B0B2F3FLSL,https://www.amazon.co.uk/dp/B0B2F3FLSL,4.09,-0.9,Amazon Lower,1,,,,,No Match,0,,,,,No Match,0,,,No Match,0,12.39,7.4,Amazon Higher,1,Match
LHPVE27BM3PK,https://ledsone.co.uk/products/3pack-e27-light-bulb-pendant-socket-holder-screw-black-plastic-lamp-holder,9.89,B0B2F45H6P,https://www.amazon.co.uk/dp/B0B2F45H6P,11.19,1.3,Amazon Higher,1,B0BP2SS73B,https://www.amazon.co.uk/dp/B0BP2SS73B,12.89,3.0,Amazon Higher,1,,,,,No Match,0,,,No Match,0,9.0,-0.89,Amazon Lower,1,Match
LHPVE27BM5PK,https://ledsone.co.uk/products/5pack-e27-light-bulb-pendant-socket-holder-screw-black-plastic-lamp-holder-4377,15.29,B0B2F3XW2Q,https://www.amazon.co.uk/dp/B0B2F3XW2Q,15.69,0.4,Amazon Higher,1,,,,,No Match,0,,,,,No Match,0,,,No Match,0,12.69,-2.6,Amazon Lower,1,Match
LHRBE27WH3PK,https://ledsone.co.uk/products/3-pack-e27-light-bulb-pendant-socket-holder-screw-white-plastic-lamp-holder-4382,10.99,B0C14VZCNB,https://www.amazon.co.uk/dp/B0C14VZCNB,10.89,-0.1,Amazon Lower,1,B0BP2QZ4B4,https://www.amazon.co.uk/dp/B0BP2QZ4B4,22.99,12.0,Amazon Higher,1,,,,,No Match,0,,,No Match,0,,,No Match,0,Match
LSCA400BF,https://ledsone.co.uk/products/black-and-gold-crystal-chandelier-light,156.89,B0CH8BXXRN,https://www.amazon.co.uk/dp/B0CH8BXXRN,100.99,-55.9,Amazon Lower,1,B0BQMVZB2T,https://www.amazon.co.uk/dp/B0BQMVZB2T,102.89,-54.0,Amazon Lower,1,,,,,No Match,0,,,No Match,0,,,No Match,0,Match
LSCY290BG+RPR44WH,https://ledsone.co.uk/products/black-gold-vintage-retro-ceiling-lamp-modern-industrial-shade-5693,15.29,,,,,No Match,0,,,,,No Match,0,B0FH9NRWNX,https://www.amazon.co.uk/dp/B0FH9NRWNX,16.89,1.6,Amazon Higher,1,,,No Match,0,14.95,-0.34,Amazon Lower,1,Match
LSCY290BM+RPR44WH,https://ledsone.co.uk/products/290mm-retroeasy-fit-lighting-metal-lampshade,14.99,B0C3ZTBRHZ,https://www.amazon.co.uk/dp/B0C3ZTBRHZ,16.89,1.9,Amazon Higher,1,B08XNV9B1M,https://www.amazon.co.uk/dp/B08XNV9B1M,15.89,0.9,Amazon Higher,1,B0CVGSMSLV,https://www.amazon.co.uk/dp/B0CVGSMSLV,15.69,0.7,Amazon Higher,1,,,No Match,0,14.95,-0.04,Amazon Lower,1,Match
LSCY290BU+RPR44WH,https://ledsone.co.uk/products/burgundy-industrial-metal-easy-fit-curvy-shape-lamp-shade,16.39,B0C3ZQM83D,https://www.amazon.co.uk/dp/B0C3ZQM83D,16.89,0.5,Amazon Higher,1,B09J9147P9,https://www.amazon.co.uk/dp/B09J9147P9,16.99,0.6,Amazon Higher,1,B09J8SKXZ2,https://www.amazon.co.uk/dp/B09J8SKXZ2,15.89,-0.5,Amazon Lower,1,,,No Match,0,12.99,-3.4,Amazon Lower,1,Match
LSCY290GY+RPR44WH,https://ledsone.co.uk/products/290mm-retroeasy-fit-lighting-metal-lampshade,13.49,,,,,No Match,0,B08XNSJYTG,https://www.amazon.co.uk/dp/B08XNSJYTG,16.09,2.6,Amazon Higher,1,B0CN6YPNT5,https://www.amazon.co.uk/dp/B0CN6YPNT5,12.99,-0.5,Amazon Lower,1,,,No Match,0,12.99,-0.5,Amazon Lower,1,Match
LSCY290WH+RPR44WH,https://ledsone.co.uk/products/290mm-retroeasy-fit-lighting-metal-lampshade,13.49,B093H99XQN,https://www.amazon.co.uk/dp/B093H99XQN,15.89,2.4,Amazon Higher,1,B08XNTCJVV,https://www.amazon.co.uk/dp/B08XNTCJVV,15.89,2.4,Amazon Higher,1,,,,,No Match,0,,,No Match,0,12.99,-0.5,Amazon Lower,1,Match
LSDM220CH+RPR44WH,https://ledsone.co.uk/products/220mm-retro-style-light-shades-modern-ceiling-pendant-metal-lampshades,12.99,B093HCPNXT,https://www.amazon.co.uk/dp/B093HCPNXT,11.89,-1.1,Amazon Lower,1,,,,,No Match,0,B0D1KD27HY,https://www.amazon.co.uk/dp/B0D1KD27HY,12.09,-0.9,Amazon Lower,1,,,No Match,0,13.07,0.08,Amazon Higher,1,Match
LSDM220CO+RPR44WH,https://ledsone.co.uk/products/220mm-retro-style-light-shades-modern-ceiling-pendant-metal-lampshades,12.99,B093HGXNZ1,https://www.amazon.co.uk/dp/B093HGXNZ1,11.89,-1.1,Amazon Lower,1,,,,,No Match,0,B0D1JT9W89,https://www.amazon.co.uk/dp/B0D1JT9W89,12.09,-0.9,Amazon Lower,1,,,No Match,0,13.07,0.08,Amazon Higher,1,Match
LSDM220GS+RPR44WH,https://ledsone.co.uk/products/220mm-retro-style-light-shades-modern-ceiling-pendant-metal-lampshades,12.99,,,,,No Match,0,,,,,No Match,0,B0D1K2KTK7,https://www.amazon.co.uk/dp/B0D1K2KTK7,12.09,-0.9,Amazon Lower,1,,,No Match,0,13.07,0.08,Amazon Higher,1,Match
LSDM220RO+RPR44WH,https://ledsone.co.uk/products/220mm-retro-style-light-shades-modern-ceiling-pendant-metal-lampshades,12.99,B093HCYB41,https://www.amazon.co.uk/dp/B093HCYB41,12.89,-0.1,Amazon Lower,1,,,,,No Match,0,B0D1K16STY,https://www.amazon.co.uk/dp/B0D1K16STY,12.09,-0.9,Amazon Lower,1,,,No Match,0,,,No Match,0,Match
LSDM220SN+RPR44WH,https://ledsone.co.uk/products/220mm-retro-style-light-shades-modern-ceiling-pendant-metal-lampshades,12.99,,,,,No Match,0,B097KF4J66,https://www.amazon.co.uk/dp/B097KF4J66,12.29,-0.7,Amazon Lower,1,B0D1JX8WLP,https://www.amazon.co.uk/dp/B0D1JX8WLP,12.09,-0.9,Amazon Lower,1,,,No Match,0,13.07,0.08,Amazon Higher,1,Match
LSDM220YB+RPR44WH,https://ledsone.co.uk/products/220mm-retro-style-light-shades-modern-ceiling-pendant-metal-lampshades,12.99,,,,,No Match,0,B097KBGGRB,https://www.amazon.co.uk/dp/B097KBGGRB,12.29,-0.7,Amazon Lower,1,B0D1K87V7R,https://www.amazon.co.uk/dp/B0D1K87V7R,12.09,-0.9,Amazon Lower,1,,,No Match,0,13.07,0.08,Amazon Higher,1,Match
LSDO400GY+RPR44WH,https://ledsone.co.uk/products/dome-lampshades-for-ceiling-pendant-lights,15.99,,,,,No Match,0,,,,,No Match,0,B08NYMTRJ1,https://www.amazon.co.uk/dp/B08NYMTRJ1,12.99,-3.0,Amazon Lower,1,,,No Match,0,12.99,-3.0,Amazon Lower,1,Match
LSFT220CH+RPR44WH,https://ledsone.co.uk/products/abat-jour-retro-industriel-en-metal-facile-a-installer-suspension-pour-cuisine-salle-a-manger-e27-5435,12.89,,,,,No Match,0,,,,,No Match,0,B08NXLVKBS,https://www.amazon.co.uk/dp/B08NXLVKBS,10.79,-2.1,Amazon Lower,1,,,No Match,0,11.56,-1.33,Amazon Lower,1,Match
LSFT220GB+RPR44WH,https://ledsone.co.uk/products/abat-jour-retro-industriel-en-metal-facile-a-installer-suspension-pour-cuisine-salle-a-manger-e27-5435,12.89,,,,,No Match,0,,,,,No Match,0,B08NXQTWGB,https://www.amazon.co.uk/dp/B08NXQTWGB,10.79,-2.1,Amazon Lower,1,,,No Match,0,10.26,-2.63,Amazon Lower,1,Match
LSFT220GS+RPR44WH,https://ledsone.co.uk/products/black-color-golden-edge-cone-shape-lamp-shade,12.89,B0BT82Z2LZ,https://www.amazon.co.uk/dp/B0BT82Z2LZ,10.79,-2.1,Amazon Lower,1,,,,,No Match,0,,,,,No Match,0,,,No Match,0,,,No Match,0,Match
LSLG190BG,https://ledsone.co.uk/products/retro-industrial-hanging-lamp-pendant-lamp-bar-lampshade-lamp-e27-black-new,28.89,B0C8THHCYT,https://www.amazon.co.uk/dp/B0C8THHCYT,25.89,-3.0,Amazon Lower,1,,,,,No Match,0,B0G6C8JV67,https://www.amazon.co.uk/dp/B0G6C8JV67,25.89,-3.0,Amazon Lower,1,,,No Match,0,27.29,-1.6,Amazon Lower,1,Match
LSSS300BC+RPR44WH,https://ledsone.co.uk/products/metal-ceiling-vintage-industrial-loft-style-pendant-lighting-lampshade-in-colour,10.79,B0BX44PZG7,https://www.amazon.co.uk/dp/B0BX44PZG7,14.29,3.5,Amazon Higher,1,B08XNN3SG3,https://www.amazon.co.uk/dp/B08XNN3SG3,13.49,2.7,Amazon Higher,1,B0C3QQWDXD,https://www.amazon.co.uk/dp/B0C3QQWDXD,18.59,7.8,Amazon Higher,1,,,No Match,0,10.39,-0.4,Amazon Lower,1,Match
LSSS300BS+RPR44WH,https://ledsone.co.uk/products/ledsone-retro-industriel-style-abat-jour-en-metal-facile-a-installer-suspension-pour-cuisine-salle-a-manger-e27-5434,10.79,B0BX3Y8RQL,https://www.amazon.co.uk/dp/B0BX3Y8RQL,14.99,4.2,Amazon Higher,1,B08XNPLC3V,https://www.amazon.co.uk/dp/B08XNPLC3V,13.49,2.7,Amazon Higher,1,B0C3QR8LYS,https://www.amazon.co.uk/dp/B0C3QR8LYS,13.89,3.1,Amazon Higher,1,,,No Match,0,10.39,-0.4,Amazon Lower,1,Match
LSSS300OR+RPR44WH,https://ledsone.co.uk/products/metal-ceiling-vintage-industrial-loft-style-lampshade-orange-colour,10.03,B0BX3YZZX5,https://www.amazon.co.uk/dp/B0BX3YZZX5,14.99,4.96,Amazon Higher,1,B08XNQPVSD,https://www.amazon.co.uk/dp/B08XNQPVSD,14.99,4.96,Amazon Higher,1,B0C3QVKFTW,https://www.amazon.co.uk/dp/B0C3QVKFTW,13.89,3.86,Amazon Higher,1,,,No Match,0,9.7,-0.33,Amazon Lower,1,Match
NT35PK,https://ledsone.co.uk/products/25mm-long-5pcs-m10-threaded-zinc-alloy-pipe-nipple-lamp-repair-part,5.09,B0GC58BHBS,https://www.amazon.co.uk/dp/B0GC58BHBS,3.09,-2.0,Amazon Lower,1,,,,,No Match,0,,,,,No Match,0,,,No Match,0,,,No Match,0,Match
NT55PK,https://ledsone.co.uk/products/25mm-long-5pcs-m10-threaded-zinc-alloy-pipe-nipple-lamp-repair-part,5.19,B0GC4P952G,https://www.amazon.co.uk/dp/B0GC4P952G,3.09,-2.1,Amazon Lower,1,,,,,No Match,0,,,,,No Match,0,,,No Match,0,,,No Match,0,Match
PLHLBM+ICST64E272PK,https://ledsone.co.uk/products/vintage-black-metal-water-pipe-double-head-wall-light,21.19,,,,,No Match,0,B0BVRNPQGZ,https://www.amazon.co.uk/dp/B0BVRNPQGZ,24.99,3.8,Amazon Higher,1,B0FVXJMKGC,https://www.amazon.co.uk/dp/B0FVXJMKGC,20.89,-0.3,Amazon Lower,1,,,No Match,0,,,No Match,0,Match
PLMJBC,https://ledsone.co.uk/products/industrial-metal-rustic-twin-waterpipe-wall-light,22.85,B0FRML5GMP,https://www.amazon.co.uk/dp/B0FRML5GMP,26.69,3.84,Amazon Higher,1,B0D9Q634M6,https://www.amazon.co.uk/dp/B0D9Q634M6,34.89,12.04,Amazon Higher,1,B0DB4S2SSN,https://www.amazon.co.uk/dp/B0DB4S2SSN,26.69,3.84,Amazon Higher,1,,,No Match,0,21.79,-1.06,Amazon Lower,1,Match
WCBLBM,https://ledsone.co.uk/products/black-barrel-shape-cylindrical-wire-cage,9.79,,,,,No Match,0,B0C2QPXT4Q,https://www.amazon.co.uk/dp/B0C2QPXT4Q,11.89,2.1,Amazon Higher,1,B08PZDJ3C5,https://www.amazon.co.uk/dp/B08PZDJ3C5,7.99,-1.8,Amazon Lower,1,,,No Match,0,,,No Match,0,Match
WCDCBM+RPR44WH,https://ledsone.co.uk/products/easy-fit-pendant-light-shade-metal-cage-drum-lampshade-pendant-lamp-ceiling,9.79,,,,,No Match,0,B08N14WWVD,https://www.amazon.co.uk/dp/B08N14WWVD,12.29,2.5,Amazon Higher,1,B08P7N7B8Y,https://www.amazon.co.uk/dp/B08P7N7B8Y,10.89,1.1,Amazon Higher,1,,,No Match,0,9.35,-0.44,Amazon Lower,1,Match
WSWMYE+ICT45E2760,https://ledsone.co.uk/products/modern-vintage-wood-wall-light-fixtures,17.59,B092W5RL39,https://www.amazon.co.uk/dp/B092W5RL39,11.89,-5.7,Amazon Lower,1,B096S8G3QQ,https://www.amazon.co.uk/dp/B096S8G3QQ,20.89,3.3,Amazon Higher,1,,,,,No Match,0,,,No Match,0,12.89,-4.7,Amazon Lower,1,Match
